<?xml version="1.0" encoding="UTF-8"?>
<!DOCTYPE configuremap [
  <!ELEMENT configuremap (configure)+>
  <!ATTLIST configuremap xmlns CDATA #FIXED ''>
  <!ELEMENT configure EMPTY>
  <!ATTLIST configure xmlns CDATA #FIXED '' name NMTOKEN #REQUIRED
    value CDATA #REQUIRED>
]>
<!--
  ImageMagick build configuration.
-->
<configuremap>
  <configure name="CC" value="gcc"/>
  <configure name="CFLAGS" value="-I/opt/uniconvertor/include -I/opt/uniconvertor/include/libpng16 -I/opt/uniconvertor/include  -I/opt/uniconvertor/include/pango-1.0 -I/opt/uniconvertor/include/harfbuzz -I/opt/uniconvertor/include -I/opt/uniconvertor/include/pango-1.0 -I/opt/uniconvertor/include/fribidi -I/opt/uniconvertor/include/glib-2.0 -I/opt/uniconvertor/lib/glib-2.0/include -I/opt/uniconvertor/include -I/opt/uniconvertor/include/cairo -I/opt/uniconvertor/include/pixman-1 -I/opt/uniconvertor/include/freetype2 -I/opt/uniconvertor/include/libpng16 -I/opt/uniconvertor/include -I/opt/uniconvertor/include -I/opt/uniconvertor/include/lqr-1 -I/opt/uniconvertor/include/glib-2.0 -I/opt/uniconvertor/lib/glib-2.0/include -I/opt/uniconvertor/include -I/opt/uniconvertor/include/openjpeg-2.3 -I/opt/uniconvertor/include -I/opt/uniconvertor/include/freetype2 -I/opt/uniconvertor/include/libpng16 -I/opt/uniconvertor/include -I/opt/uniconvertor/include -I/opt/uniconvertor/include/freetype2 -I/opt/uniconvertor/include/libpng16 -I/opt/uniconvertor/include -I/opt/uniconvertor/include   -Os -arch x86_64 -Wall -mtune=penryn -fexceptions -D_FORTIFY_SOURCE=0 -Qunused-arguments -pthread -DMAGICKCORE_HDRI_ENABLE=0 -DMAGICKCORE_QUANTUM_DEPTH=16"/>
  <configure name="CODER_PATH" value="/opt/uniconvertor/lib/ImageMagick-6.9.10/modules-Q16/coders"/>
  <configure name="CONFIGURE_PATH" value="/opt/uniconvertor/etc/ImageMagick-6/"/>
  <configure name="CONFIGURE" value="./configure  '--prefix=/opt/uniconvertor' 'CFLAGS=-Os -arch x86_64' 'LDFLAGS=-L/opt/uniconvertor/lib -arch x86_64' 'CPPFLAGS=-I/opt/uniconvertor/include' 'PKG_CONFIG=/opt/uniconvertor/bin/pkg-config' 'PKG_CONFIG_PATH=/opt/uniconvertor/lib/pkgconfig'"/>
  <configure name="COPYRIGHT" value="Copyright (C) 1999-2019 ImageMagick Studio LLC"/>
  <configure name="CPPFLAGS" value="-I/opt/uniconvertor/include/ImageMagick-6"/>
  <configure name="CXXFLAGS" value="-g -O2 -Qunused-arguments -pthread"/>
  <configure name="CXX" value="g++"/>
  <configure name="DEFS" value="-DHAVE_CONFIG_H"/>
  <configure name="DELEGATES" value="bzlib mpeg fontconfig freetype jng jpeg lcms lqr lzma openjp2 pango png tiff webp zlib"/>
  <configure name="DISTCHECK_CONFIG_FLAGS" value="'CFLAGS=-Os -arch x86_64' 'CPPFLAGS=-I/opt/uniconvertor/include' 'LDFLAGS=-L/opt/uniconvertor/lib -arch x86_64'  --disable-deprecated  --with-quantum-depth=16  --with-jemalloc=no  --with-umem=no  --with-autotrace=no  --with-gslib=no  --with-fontpath=  --with-rsvg=no  --with-perl=no "/>
  <configure name="DOCUMENTATION_PATH" value="/opt/uniconvertor/share/doc/ImageMagick-6"/>
  <configure name="EXEC-PREFIX" value="/opt/uniconvertor"/>
  <configure name="EXECUTABLE_PATH" value="/opt/uniconvertor/bin"/>
  <configure name="FEATURES" value="DPC Cipher"/>
  <configure name="FILTER_PATH" value="/opt/uniconvertor/lib/ImageMagick-6.9.10/modules-Q16/filters"/>
  <configure name="GIT_REVISION" value="14623" />
  <configure name="HOST" value="x86_64-apple-darwin13.4.0"/>
  <configure name="INCLUDE_PATH" value="/opt/uniconvertor/include/ImageMagick-6"/>
  <configure name="LDFLAGS" value="-L/opt/uniconvertor/lib -L/opt/uniconvertor/lib -arch x86_64"/>
  <configure name="LIBRARY_PATH" value="/opt/uniconvertor/lib/ImageMagick-6.9.10"/>
  <configure name="LIBS" value="  -L/opt/uniconvertor/lib -llcms2 -ltiff -L/opt/uniconvertor/lib -lfreetype  -ljpeg  -L/opt/uniconvertor/lib -llqr-1 -lglib-2.0 -lintl -Wl,-framework -Wl,CoreFoundation -L/opt/uniconvertor/lib -lpng16 -lz      -L/opt/uniconvertor/lib -lfontconfig -lfreetype   -L/opt/uniconvertor/lib -lwebp       -L/opt/uniconvertor/lib -llzma -lbz2  -L/opt/uniconvertor/lib -lopenjp2 -L/opt/uniconvertor/lib -lpangocairo-1.0 -lpango-1.0 -lgobject-2.0 -lglib-2.0 -lintl -Wl,-framework -Wl,CoreFoundation -lcairo     -L/opt/uniconvertor/lib -lz     -lm     "/>
  <configure name="LIB_VERSION_NUMBER" value="6,9,10,53"/>
  <configure name="LIB_VERSION" value="0x69A"/>
  <configure name="NAME" value="ImageMagick"/>
  <configure name="PCFLAGS" value="-DMAGICKCORE_HDRI_ENABLE=0 -DMAGICKCORE_QUANTUM_DEPTH=16"/>
  <configure name="PREFIX" value="/opt/uniconvertor"/>
  <configure name="QuantumDepth" value="16"/>
  <configure name="RELEASE_DATE" value="2019-07-16"/>
  <configure name="SHAREARCH_PATH" value="/opt/uniconvertor/lib/ImageMagick-6.9.10/config-Q16"/>
  <configure name="SHARE_PATH" value="/opt/uniconvertor/share/ImageMagick-6"/>
  <configure name="TARGET_CPU" value="x86_64"/>
  <configure name="TARGET_OS" value="darwin13.4.0"/>
  <configure name="TARGET_VENDOR" value="apple"/>
  <configure name="VERSION" value="6.9.10"/>
  <configure name="WEBSITE" value="https://imagemagick.org"/>
</configuremap>
